court_name,id,id_without_prefix,combined_court_name
ABERCONWY PSD,C3237,3237,ABERCONWY PSD - C3237
ABERGAVENNY,C3208A,3208A,ABERGAVENNY - C3208A
ABERGELE,C3052B,3052B,ABERGELE - C3052B
ABERTILLERY,C3201B,3201B,ABERTILLERY - C3201B
ABERYSTWYTH,C3135A,3135A,ABERYSTWYTH - C3135A
ABINGDON,C2681,2681,ABINGDON - C2681
"ABINGDON (ABINGDON, DIDCOT AND WANTAGE)",C2774A,2774A,"ABINGDON (ABINGDON, DIDCOT AND WANTAGE) - C2774A"
ACTON,C2723,2723,ACTON - C2723
ALDERSHOT (NORTH EAST HANTS),C1780C,1780C,ALDERSHOT (NORTH EAST HANTS) - C1780C
ALFRETON,C1429B,1429B,ALFRETON - C1429B
ALNWICK,C2347,2347,ALNWICK - C2347
ALSTON (COURT CLOSED),C1384B,1384B,ALSTON (COURT CLOSED) - C1384B
ALTON,C1780A,1780A,ALTON - C1780A
ALTON & PETERSFIELD,C1778,1778,ALTON & PETERSFIELD - C1778
AMERSHAM (CENTRAL BUCKINGHAMSHIRE),C1129C,1129C,AMERSHAM (CENTRAL BUCKINGHAMSHIRE) - C1129C
AMPTHILL,C1050,1050,AMPTHILL - C1050
ANDOVER,C1781A,1781A,ANDOVER - C1781A
ARUNDEL,C2927,2927,ARUNDEL - C2927
ASHBOURNE,C1428A,1428A,ASHBOURNE - C1428A
ASHBY-DE-LA-ZOUCH (COALVILLE),C2047,2047,ASHBY-DE-LA-ZOUCH (COALVILLE) - C2047
ASHFORD (CHANNEL),C1957C,1957C,ASHFORD (CHANNEL) - C1957C
ASHFORD AND TENTERDEN,C1952,1952,ASHFORD AND TENTERDEN - C1952
ASHTON-UNDER-LYNE (TAMESIDE),C1748A,1748A,ASHTON-UNDER-LYNE (TAMESIDE) - C1748A
ATHERSTONE & COLESHILL,C2894,2894,ATHERSTONE & COLESHILL - C2894
AXMINSTER,C1493A,1493A,AXMINSTER - C1493A
AYLESBURY,C1125,1125,AYLESBURY - C1125
AYLESBURY (CENTRAL BUCKINGHAMSHIRE),C1129A,1129A,AYLESBURY (CENTRAL BUCKINGHAMSHIRE) - C1129A
"BAINTON, WILTON, HOLME BEACON PSD",C1905,1905,"BAINTON, WILTON, HOLME BEACON PSD - C1905"
BAKEWELL,C1428B,1428B,BAKEWELL - C1428B
BALHAM HIGH ROAD,C6686,6686,BALHAM HIGH ROAD - C6686
BALHAM HIGH ROAD YOUTH,C6013A,6013A,BALHAM HIGH ROAD YOUTH - C6013A
BANBURY/CHIPPING NORTON,C2702,2702,BANBURY/CHIPPING NORTON - C2702
BANGOR,C3222,3222,BANGOR - C3222
BARKING,C2814,2814,BARKING - C2814
BARNARD CASTLE,C1582B,1582B,BARNARD CASTLE - C1582B
BARNET,C2725,2725,BARNET - C2725
BARNSLEY,C2770,2770,BARNSLEY - C2770
BARNSTAPLE,C1494A,1494A,BARNSTAPLE - C1494A
BARNSTAPLE & SOUTH MOLTON PSD,C1494,1494,BARNSTAPLE & SOUTH MOLTON PSD - C1494
BARROW WITH BOOTLE,C1380,1380,BARROW WITH BOOTLE - C1380
BARROW WITH BOOTLE (FURNESS),C1398A,1398A,BARROW WITH BOOTLE (FURNESS) - C1398A
BASILDON,C5610,5610,BASILDON - C5610
BASILDON (MID-SOUTH ESSEX),C1610,1610,BASILDON (MID-SOUTH ESSEX) - C1610
BASINGSTOKE,C1781B,1781B,BASINGSTOKE - C1781B
BATH & WANSDYKE,C1022,1022,BATH & WANSDYKE - C1022
BATLEY & DEWSBURY,C2996,2996,BATLEY & DEWSBURY - C2996
BATTLE & RYE,C1606A,1606A,BATTLE & RYE - C1606A
BEACONSFIELD,C1130A,1130A,BEACONSFIELD - C1130A
BEAUMARIS,C3232A,3232A,BEAUMARIS - C3232A
BECCLES,C6816,6816,BECCLES - C6816
BEDALE,C2543B,2543B,BEDALE - C2543B
BEDFORD,C1051,1051,BEDFORD - C1051
BEDWELLTY PSD ,C3201,3201,BEDWELLTY PSD  - C3201
BELMARSH (GREENWICH PSA),C2643B,2643B,BELMARSH (GREENWICH PSA) - C2643B
BERWICK-ON-TWEED,C2348,2348,BERWICK-ON-TWEED - C2348
BEVERLEY,C1925,1925,BEVERLEY - C1925
BEVERLEY & THE WOLDS,C1942,1942,BEVERLEY & THE WOLDS - C1942
BEXHILL,C1606B,1606B,BEXHILL - C1606B
BEXLEY,C2728,2728,BEXLEY - C2728
BICESTER,C2671,2671,BICESTER - C2671
BICESTER OXFORD,C2776,2776,BICESTER OXFORD - C2776
BIDEFORD & GREAT TORRINGTON,C1477,1477,BIDEFORD & GREAT TORRINGTON - C1477
BIGGLESWADE,C1052,1052,BIGGLESWADE - C1052
BINGLEY,C2979B,2979B,BINGLEY - C2979B
BIRMINGHAM,C2908,2908,BIRMINGHAM - C2908
BISHOP AUCKLAND,C1582A,1582A,BISHOP AUCKLAND - C1582A
BISHOP'S STORTFORD,C1875,1875,BISHOP'S STORTFORD - C1875
BLACKBURN,C1995,1995,BLACKBURN - C1995
"BLACKBURN (BLACKBURN, DARWEN & RIBBLE VALLEY)",C2012A,2012A,"BLACKBURN (BLACKBURN, DARWEN & RIBBLE VALLEY) - C2012A"
"BLACKBURN, DARWEN, RIBBLE VALLEY",C2012,2012,"BLACKBURN, DARWEN, RIBBLE VALLEY - C2012"
BLACKPOOL,C1996,1996,BLACKPOOL - C1996
BLACKWOOD,C3201D,3201D,BLACKWOOD - C3201D
BLANDFORD & STURMINSTER,C1512,1512,BLANDFORD & STURMINSTER - C1512
BLANDFORD FORUM (CENTRAL DORSET),C1515A,1515A,BLANDFORD FORUM (CENTRAL DORSET) - C1515A
BLAYDON,C2850B,2850B,BLAYDON - C2850B
BODMIN,C1279,1279,BODMIN - C1279
BOLTON,C1731,1731,BOLTON - C1731
BOSTON,C2073,2073,BOSTON - C2073
BOURNE & STAMFORD,C2074,2074,BOURNE & STAMFORD - C2074
BOURNEMOUTH,C1501,1501,BOURNEMOUTH - C1501
BOURNEMOUTH (BOURNEMOUTH & CHRISTCHURCH DIVISIONAL),C1514A,1514A,BOURNEMOUTH (BOURNEMOUTH & CHRISTCHURCH DIVISIONAL) - C1514A
BOURNEMOUTH & CHRISTCHURCH,C1514,1514,BOURNEMOUTH & CHRISTCHURCH - C1514
BOW STREET,C2641,2641,BOW STREET - C2641
BRACKNELL (FOREST),C1066,1066,BRACKNELL (FOREST) - C1066
BRADFORD,C2978,2978,BRADFORD - C2978
BRAINTREE,C1617,1617,BRAINTREE - C1617
BRAINTREE,C1631,1631,BRAINTREE - C1631
BRECON,C3350A,3350A,BRECON - C3350A
BRENT (WILLESDEN),C2762,2762,BRENT (WILLESDEN) - C2762
BRENTFORD,C2769A,2769A,BRENTFORD - C2769A
BRENTWOOD,C1611,1611,BRENTWOOD - C1611
BRIDGNORTH,C3274,3274,BRIDGNORTH - C3274
BRIDLINGTON,C1904A,1904A,BRIDLINGTON - C1904A
BRIDLINGTON,C1941,1941,BRIDLINGTON - C1941
BRIDPORT,C1502,1502,BRIDPORT - C1502
BRIDPORT (WEST DORSET),C1516A,1516A,BRIDPORT (WEST DORSET) - C1516A
BRIGHTON,C1597,1597,BRIGHTON - C1597
BRIGHTON (BRIGHTON & HOVE),C1604A,1604A,BRIGHTON (BRIGHTON & HOVE) - C1604A
BRISTOL,C1013,1013,BRISTOL - C1013
BROMLEY,C2727,2727,BROMLEY - C2727
BROMSGROVE (CLOSED),C1846,1846,BROMSGROVE (CLOSED) - C1846
BROMSGROVE (COURT CLOSED),C1840A,1840A,BROMSGROVE (COURT CLOSED) - C1840A
BROMSGROVE & REDDITCH PSD,C1840,1840,BROMSGROVE & REDDITCH PSD - C1840
BROUGH,C1901A,1901A,BROUGH - C1901A
BUCKINGHAM (CENTRAL BUCKINGHAMSHIRE),C1129B,1129B,BUCKINGHAM (CENTRAL BUCKINGHAMSHIRE) - C1129B
BURNLEY,C1997,1997,BURNLEY - C1997
BURNLEY (BURNLEY & PENDLE),C2011A,2011A,BURNLEY (BURNLEY & PENDLE) - C2011A
"BURNLEY, PENDLE AND ROSSENDALE",C2014,2014,"BURNLEY, PENDLE AND ROSSENDALE - C2014"
BURTON-UPON-TRENT,C2780,2780,BURTON-UPON-TRENT - C2780
BURY,C1732,1732,BURY - C1732
CAERNARFON & GWYRFAI,C3234,3234,CAERNARFON & GWYRFAI - C3234
CAISTOR,C2056,2056,CAISTOR - C2056
CALDER (HALIFAX),C2984,2984,CALDER (HALIFAX) - C2984
CALDERDALE,C2997,2997,CALDERDALE - C2997
CAMBERLEY,C2846C,2846C,CAMBERLEY - C2846C
CAMBERWELL GREEN,C2656,2656,CAMBERWELL GREEN - C2656
CAMBRIDGE,C1165,1165,CAMBRIDGE - C1165
CANNOCK,C2781,2781,CANNOCK - C2781
CANNOCK & SEISDON,C2859,2859,CANNOCK & SEISDON - C2859
CANTERBURY AND ST AUGUSTINE,C1953,1953,CANTERBURY AND ST AUGUSTINE - C1953
CARDIFF,C3348,3348,CARDIFF - C3348
CARDIGAN,C3135B,3135B,CARDIGAN - C3135B
CARLISLE,C1364,1364,CARLISLE - C1364
CARLISLE AND DISTRICT,C1322,1322,CARLISLE AND DISTRICT - C1322
CARMARTHEN,C3138,3138,CARMARTHEN - C3138
CASTLEFORD,C2994B,2994B,CASTLEFORD - C2994B
CENTRAL & SOUTH WEST STAFFORDSHIRE PSA,C2799,2799,CENTRAL & SOUTH WEST STAFFORDSHIRE PSA - C2799
CENTRAL BUCKINGHAMSHIRE PSD,C1129,1129,CENTRAL BUCKINGHAMSHIRE PSD - C1129
CENTRAL DEVON PSA,C1292,1292,CENTRAL DEVON PSA - C1292
CENTRAL HERTFORDSHIRE,C1892,1892,CENTRAL HERTFORDSHIRE - C1892
CEREDIGION,C3135,3135,CEREDIGION - C3135
CEREDIGION GANOL,C3134,3134,CEREDIGION GANOL - C3134
CHANNEL PSA,C1957,1957,CHANNEL PSA - C1957
CHEADLE,C2796B,2796B,CHEADLE - C2796B
CHELMSFORD/WITHAM (MID-NORTH),C1612,1612,CHELMSFORD/WITHAM (MID-NORTH) - C1612
CHELTENHAM,C1672,1672,CHELTENHAM - C1672
CHELTENHAM (NORTH GLOUCESTERSHIRE),C1696A,1696A,CHELTENHAM (NORTH GLOUCESTERSHIRE) - C1696A
CHEPSTOW,C3208C,3208C,CHEPSTOW - C3208C
CHERTSEY,C2846A,2846A,CHERTSEY - C2846A
CHESHUNT (EAST HERTFORDSHIRE),C1877,1877,CHESHUNT (EAST HERTFORDSHIRE) - C1877
CHESHUNT (EAST HERTFORDSHIRE),C1888A,1888A,CHESHUNT (EAST HERTFORDSHIRE) - C1888A
CHESTER,C1173,1173,CHESTER - C1173
CHESTER-LE-STREET,C1576,1576,CHESTER-LE-STREET - C1576
"CHESTER, ELLESMERE PORT & NESTON",C1188,1188,"CHESTER, ELLESMERE PORT & NESTON - C1188"
CHESTERFIELD (BRIMIMINGTON ROAD),C1418B,1418B,CHESTERFIELD (BRIMIMINGTON ROAD) - C1418B
CHESTERFIELD (TAPTON LANE),C1432,1432,CHESTERFIELD (TAPTON LANE) - C1432
CHESTERFIELD (WEST BARS),C1418,1418,CHESTERFIELD (WEST BARS) - C1418
CHICHESTER AND DISTRICT,C2936,2936,CHICHESTER AND DISTRICT - C2936
CHIPPENHAM (NORTH WILTSHIRE),C3022,3022,CHIPPENHAM (NORTH WILTSHIRE) - C3022
CHORLEY,C1998,1998,CHORLEY - C1998
CHRISTCHURCH,C1503,1503,CHRISTCHURCH - C1503
CHRISTCHURCH (BOURNEMOUTH & CHRISTCHURCH DIVISIONAL),C1514B,1514B,CHRISTCHURCH (BOURNEMOUTH & CHRISTCHURCH DIVISIONAL) - C1514B
CIRENCESTER,C1689,1689,CIRENCESTER - C1689
CITY OF LONDON (JUSTICE ROOMS),C2631,2631,CITY OF LONDON (JUSTICE ROOMS) - C2631
CITY OF SALFORD PSD,C1747,1747,CITY OF SALFORD PSD - C1747
CLERKENWELL (COURT CLOSED),C2642,2642,CLERKENWELL (COURT CLOSED) - C2642
COLCHESTER (TOWN HALL),C1613B,1613B,COLCHESTER (TOWN HALL) - C1613B
COLCHESTER/HARWICH (NORTH-EAST ESSEX),C1613,1613,COLCHESTER/HARWICH (NORTH-EAST ESSEX) - C1613
COLWYN (CLWYD),C3052A,3052A,COLWYN (CLWYD) - C3052A
COMMUNITY JUSTICE CENTRE - MERSEYSIDE,C9000,9000,COMMUNITY JUSTICE CENTRE - MERSEYSIDE - C9000
CONGLETON,C1187A,1187A,CONGLETON - C1187A
CONWY,C3062,3062,CONWY - C3062
CONWY AND LLANDUDNO,C3237A,3237A,CONWY AND LLANDUDNO - C3237A
CORBY,C2321,2321,CORBY - C2321
CORWEN,C3051C,3051C,CORWEN - C3051C
COVENTRY,C2910,2910,COVENTRY - C2910
CRAWLEY,C2929,2929,CRAWLEY - C2929
CREWE AND NANTWICH,C1187B,1187B,CREWE AND NANTWICH - C1187B
CROMER,C1444B,1444B,CROMER - C1444B
CROWBOROUGH,C1598A,1598A,CROWBOROUGH - C1598A
CROWBOROUGH (LEWES & CROWBOROUGH),C1607A,1607A,CROWBOROUGH (LEWES & CROWBOROUGH) - C1607A
CROWBOROUGH (MARK CROSS),C1598B,1598B,CROWBOROUGH (MARK CROSS) - C1598B
CROWBOROUGH PSD ,C1598,1598,CROWBOROUGH PSD  - C1598
CROYDON,C2732,2732,CROYDON - C2732
CULLOMPTON,C1478,1478,CULLOMPTON - C1478
CWMBRAN,C3208B,3208B,CWMBRAN - C3208B
CYNON VALLEY,C3262,3262,CYNON VALLEY - C3262
DACORUM,C1878,1878,DACORUM - C1878
DARLINGTON,C1577,1577,DARLINGTON - C1577
DARTFORD,C1954,1954,DARTFORD - C1954
DARTFORD & GRAVESHAM (GRAVESEND),C1969,1969,DARTFORD & GRAVESHAM (GRAVESEND) - C1969
DARWEN,C2000,2000,DARWEN - C2000
"DARWEN (BLACKBURN, DARWEN & RIBBLE VALLEY)",C2012B,2012B,"DARWEN (BLACKBURN, DARWEN & RIBBLE VALLEY) - C2012B"
DAVENTRY,C2322,2322,DAVENTRY - C2322
DE BRYCHEINIOG,C3350,3350,DE BRYCHEINIOG - C3350
DE CEREDIGION,C3136,3136,DE CEREDIGION - C3136
DE MALDWYN,C3352,3352,DE MALDWYN - C3352
DENBIGH,C3061C,3061C,DENBIGH - C3061C
DENBIGHSHIRE,C3061,3061,DENBIGHSHIRE - C3061
DERBY (BOLD LANE),C1427C,1427C,DERBY (BOLD LANE) - C1427C
DERBY (DERWENT STREET),C1427A,1427A,DERBY (DERWENT STREET) - C1427A
DERBY & SOUTHERN DERBYSHIRE PSD ,C1427,1427,DERBY & SOUTHERN DERBYSHIRE PSD  - C1427
DERWENTSIDE (CONSETT),C1578,1578,DERWENTSIDE (CONSETT) - C1578
DEVIZES,C3025,3025,DEVIZES - C3025
DICKERING & NORTH HOLDERNESS PSD,C1904,1904,DICKERING & NORTH HOLDERNESS PSD - C1904
"DIDCOT (ABINGDON, DIDCOT AND WANTAGE)",C2774B,2774B,"DIDCOT (ABINGDON, DIDCOT AND WANTAGE) - C2774B"
DIDCOT AND WANTAGE,C2718,2718,DIDCOT AND WANTAGE - C2718
DINEFWR,C3140,3140,DINEFWR - C3140
DISS,C1446A,1446A,DISS - C1446A
DOLGELLAU,C3239,3239,DOLGELLAU - C3239
DONCASTER,C2771A,2771A,DONCASTER - C2771A
DONCASTER PSD ,C2771,2771,DONCASTER PSD  - C2771
DORCHESTER,C1504,1504,DORCHESTER - C1504
DORCHESTER (WEST DORSET),C1516B,1516B,DORCHESTER (WEST DORSET) - C1516B
DORKING,C2847B,2847B,DORKING - C2847B
DOVER (CHANNEL),C1957A,1957A,DOVER (CHANNEL) - C1957A
DOVER AND EAST KENT,C1955,1955,DOVER AND EAST KENT - C1955
DRAYTON DIVISION,C3275,3275,DRAYTON DIVISION - C3275
DRIFFIELD,C1905A,1905A,DRIFFIELD - C1905A
DROITWICH (SOUTH WORCESTERSHIRE),C1843A,1843A,DROITWICH (SOUTH WORCESTERSHIRE) - C1843A
DROXFORD,C1783A,1783A,DROXFORD - C1783A
DUDLEY,C2911,2911,DUDLEY - C2911
DUNHEVED AND STRATTON,C1284,1284,DUNHEVED AND STRATTON - C1284
DUNMOW,C1615,1615,DUNMOW - C1615
DUNMOW AND SAFFRON WALDON,C1632,1632,DUNMOW AND SAFFRON WALDON - C1632
DUNSTABLE,C1053,1053,DUNSTABLE - C1053
DURHAM,C1579,1579,DURHAM - C1579
DWYFOR,C3236,3236,DWYFOR - C3236
DYFFRYN CLWYD,C3053,3053,DYFFRYN CLWYD - C3053
EALING,C2734,2734,EALING - C2734
EASINGTON (PETERLEE),C1580,1580,EASINGTON (PETERLEE) - C1580
EASINGWOLD,C2544,2544,EASINGWOLD - C2544
EAST BERKSHIRE PSA (SLOUGH),C1072,1072,EAST BERKSHIRE PSA (SLOUGH) - C1072
EAST CAMBRIDGESHIRE (ELY),C5166,5166,EAST CAMBRIDGESHIRE (ELY) - C5166
EAST CAMBS,C1166,1166,EAST CAMBS - C1166
EAST CORNWALL PSA,C1289,1289,EAST CORNWALL PSA - C1289
EAST DORSET PSA,C1522,1522,EAST DORSET PSA - C1522
EAST GRINSTEAD,C2932B,2932B,EAST GRINSTEAD - C2932B
EAST GWENT PSD ,C3208,3208,EAST GWENT PSD  - C3208
EAST HERTFORDSHIRE PSA,C1888,1888,EAST HERTFORDSHIRE PSA - C1888
EAST OXFORDSHIRE,C2719A,2719A,EAST OXFORDSHIRE - C2719A
EAST PENWITH (CAMBORNE),C1263,1263,EAST PENWITH (CAMBORNE) - C1263
EAST POWDER,C1264,1264,EAST POWDER - C1264
EAST RETFORD,C2553,2553,EAST RETFORD - C2553
EASTBOURNE (EASTBOURNE AND HAILSHAM),C1605A,1605A,EASTBOURNE (EASTBOURNE AND HAILSHAM) - C1605A
EASTLEIGH (SOUTHAMPTON),C1775B,1775B,EASTLEIGH (SOUTHAMPTON) - C1775B
EBBW VALE,C3201C,3201C,EBBW VALE - C3201C
ECCLES (CITY OF SALFORD),C1747A,1747A,ECCLES (CITY OF SALFORD) - C1747A
EDEN PSA (PENRITH),C1324,1324,EDEN PSA (PENRITH) - C1324
ELLESMERE PORT,C1176A,1176A,ELLESMERE PORT - C1176A
ELLOES (LONG SUTTON),C2076B,2076B,ELLOES (LONG SUTTON) - C2076B
ELLOES (SPALDING),C2076A,2076A,ELLOES (SPALDING) - C2076A
ELLOES DIVISIONAL,C2076,2076,ELLOES DIVISIONAL - C2076
ELY,C1166A,1166A,ELY - C1166A
EPPING,C1616,1616,EPPING - C1616
EPSOM,C2845A,2845A,EPSOM - C2845A
EPWORTH,C1928A,1928A,EPWORTH - C1928A
EVESHAM (SOUTH WORCESTSHIRE),C1843B,1843B,EVESHAM (SOUTH WORCESTSHIRE) - C1843B
EXETER & WONFORD,C1497,1497,EXETER & WONFORD - C1497
EXMOUTH,C1480,1480,EXMOUTH - C1480
FAKENHAM,C1447B,1447B,FAKENHAM - C1447B
FALMOUTH AND KERRIER,C1283,1283,FALMOUTH AND KERRIER - C1283
FAREHAM (SOUTH HAMPSHIRE),C1783,1783,FAREHAM (SOUTH HAMPSHIRE) - C1783
FARNHAM,C2848A,2848A,FARNHAM - C2848A
FAVERSHAM & SITTINGBOURNE,C1967,1967,FAVERSHAM & SITTINGBOURNE - C1967
FELIXSTOWE (DEBEN),C2861A,2861A,FELIXSTOWE (DEBEN) - C2861A
FELTHAM,C2769B,2769B,FELTHAM - C2769B
FLEETWOOD,C2009A,2009A,FLEETWOOD - C2009A
FLINT,C3054,3054,FLINT - C3054
FLINTSHIRE,C3059,3059,FLINTSHIRE - C3059
FLYDE COAST PSA (BLACKPOOL/WYRE),C1992,1992,FLYDE COAST PSA (BLACKPOOL/WYRE) - C1992
FOLKESTONE (CHANNEL),C1957B,1957B,FOLKESTONE (CHANNEL) - C1957B
FOREST OF DEAN (COLEFORD),C1695,1695,FOREST OF DEAN (COLEFORD) - C1695
FROME,C2715D,2715D,FROME - C2715D
FURNESS & DISTRICT PSD,C1398,1398,FURNESS & DISTRICT PSD - C1398
GAINSBOROUGH,C2075,2075,GAINSBOROUGH - C2075
GATESHEAD,C2850,2850,GATESHEAD - C2850
GATESHEAD,C2850A,2850A,GATESHEAD - C2850A
GILLINGHAM,C1507B,1507B,GILLINGHAM - C1507B
GILLINGHAM (CENTRAL DORSET),C1515B,1515B,GILLINGHAM (CENTRAL DORSET) - C1515B
GLOSSOP,C1421,1421,GLOSSOP - C1421
GLOUCESTER,C1692,1692,GLOUCESTER - C1692
GODSTONE,C2847C,2847C,GODSTONE - C2847C
GOGLEDD PRESELI,C3141,3141,GOGLEDD PRESELI - C3141
GOOLE,C1928B,1928B,GOOLE - C1928B
GOOLE AND HOWDENSHIRE,C1928,1928,GOOLE AND HOWDENSHIRE - C1928
GOSFORTH,C2851B,2851B,GOSFORTH - C2851B
GOSFORTH YOUTH (NEWCASTLE UPON TYNE),C6851,6851,GOSFORTH YOUTH (NEWCASTLE UPON TYNE) - C6851
GRANORTHAM,C2077,2077,GRANORTHAM - C2077
GRAVESHAM,C1958,1958,GRAVESHAM - C1958
GRAYS (SOUTH-WEST ESSEX),C1626,1626,GRAYS (SOUTH-WEST ESSEX) - C1626
GREAT YARMOUTH,C1443,1443,GREAT YARMOUTH - C1443
GREENWICH,C2643,2643,GREENWICH - C2643
GREENWICH & LEWISHAM,C6643,6643,GREENWICH & LEWISHAM - C6643
GREENWICH & LEWISHAM YOUTH,C6013C,6013C,GREENWICH & LEWISHAM YOUTH - C6013C
"GREENWICH, LEWISHAM & SOUTHWARK YOUTH",C6656,6656,"GREENWICH, LEWISHAM & SOUTHWARK YOUTH - C6656"
GRIMSBY & CLEETHORPES,C1940,1940,GRIMSBY & CLEETHORPES - C1940
GUILDFORD,C2848B,2848B,GUILDFORD - C2848B
GWENT,C3210,3210,GWENT - C3210
GWYNEDD PSA,C3244,3244,GWYNEDD PSA - C3244
HAILSHAM (EASTBOURNE AND HAILSHAM),C1605B,1605B,HAILSHAM (EASTBOURNE AND HAILSHAM) - C1605B
HAMPSTEAD,C2740,2740,HAMPSTEAD - C2740
HARLOW/EPPING (NORTH-WEST ESSEX),C1619,1619,HARLOW/EPPING (NORTH-WEST ESSEX) - C1619
HARROGATE PSD,C2527,2527,HARROGATE PSD - C2527
HARROW,C2760,2760,HARROW - C2760
HARTLEPOOL,C1247,1247,HARTLEPOOL - C1247
HARWICH,C1620,1620,HARWICH - C1620
HASTINGS (HASTINGS & ROTHER),C1606C,1606C,HASTINGS (HASTINGS & ROTHER) - C1606C
HAVERHILL,C2825,2825,HAVERHILL - C2825
HAVERHILL AND SUDBURY,C2864,2864,HAVERHILL AND SUDBURY - C2864
HAVERING,C1837,1837,HAVERING - C1837
HAWARDEN,C3055,3055,HAWARDEN - C3055
HAWARDEN YOUTH,C7055,7055,HAWARDEN YOUTH - C7055
HAYWARDS HEATH,C2932A,2932A,HAYWARDS HEATH - C2932A
HEBBURN,C2853B,2853B,HEBBURN - C2853B
HENDON,C2741,2741,HENDON - C2741
HENLEY (THAME/HENLEY),C2778B,2778B,HENLEY (THAME/HENLEY) - C2778B
HEREFORD (HEREFORDSHIRE),C1841A,1841A,HEREFORD (HEREFORDSHIRE) - C1841A
HERTFORD (EAST HERTFORDSHIRE),C1888B,1888B,HERTFORD (EAST HERTFORDSHIRE) - C1888B
HIGH PEAK (BUXTON),C1422,1422,HIGH PEAK (BUXTON) - C1422
HIGH PEAK PSA,C1430,1430,HIGH PEAK PSA - C1430
HIGHBURY CORNER (EAST CENTRAL),C2663,2663,HIGHBURY CORNER (EAST CENTRAL) - C2663
HIGHGATE (HARINGEY),C2742,2742,HIGHGATE (HARINGEY) - C2742
HILLINGDON,C2766,2766,HILLINGDON - C2766
HINCKLEY,C2050A,2050A,HINCKLEY - C2050A
HONITON,C1493B,1493B,HONITON - C1493B
HORNCASTLE,C2078A,2078A,HORNCASTLE - C2078A
HORNSEA (COURT CLOSED),C1904B,1904B,HORNSEA (COURT CLOSED) - C1904B
HORSEFERRY ROAD,C2660,2660,HORSEFERRY ROAD - C2660
HORSHAM,C2930,2930,HORSHAM - C2930
HOUGHTON-LE-SPRING,C2854A,2854A,HOUGHTON-LE-SPRING - C2854A
HOUNSLOW PSD BRENTFORD,C2769,2769,HOUNSLOW PSD BRENTFORD - C2769
HOVE,C1602,1602,HOVE - C1602
HOVE (BRIGHTON & HOVE),C1604B,1604B,HOVE (BRIGHTON & HOVE) - C1604B
HOWDEN (COURT CLOSED),C1901B,1901B,HOWDEN (COURT CLOSED) - C1901B
HUDDERSFIELD,C2987,2987,HUDDERSFIELD - C2987
HULL & HOLDERNESS (KINGSTON UPON HULL),C1943,1943,HULL & HOLDERNESS (KINGSTON UPON HULL) - C1943
HUNSTANTON,C1447C,1447C,HUNSTANTON - C1447C
HUNTINGDON,C1168A,1168A,HUNTINGDON - C1168A
HUNTINGDON DIVISION,C1168,1168,HUNTINGDON DIVISION - C1168
HUYTON,C2266A,2266A,HUYTON - C2266A
HYNDBURN,C2010,2010,HYNDBURN - C2010
HYTHE,C1779A,1779A,HYTHE - C1779A
ILKESTON,C1429A,1429A,ILKESTON - C1429A
INGLETON,C2538B,2538B,INGLETON - C2538B
INNER LONDON JUVENILE COURTS,C6013,6013,INNER LONDON JUVENILE COURTS - C6013
IPSWICH,C2830,2830,IPSWICH - C2830
ISLE OF WIGHT,C1945,1945,ISLE OF WIGHT - C1945
ISLES OF SCILLY,C1268,1268,ISLES OF SCILLY - C1268
IVYBRIDGE,C1496B,1496B,IVYBRIDGE - C1496B
KEIGHLEY,C2979A,2979A,KEIGHLEY - C2979A
KEIGHLEY PSD,C2979,2979,KEIGHLEY PSD - C2979
KENDAL AND LONSDALE,C1382,1382,KENDAL AND LONSDALE - C1382
KESWICK,C1369,1369,KESWICK - C1369
KETTERING,C2323,2323,KETTERING - C2323
KIDSGROVE,C2797C,2797C,KIDSGROVE - C2797C
KINGS LYNN,C1447D,1447D,KINGS LYNN - C1447D
KINGSBRIDGE,C1496A,1496A,KINGSBRIDGE - C1496A
KINGSTON,C2812,2812,KINGSTON - C2812
KINGSTON UPON HULL,C1933,1933,KINGSTON UPON HULL - C1933
KIRKBY,C2266B,2266B,KIRKBY - C2266B
LAMBETH & WANDSWORTH YOUTH COURTS,C6649,6649,LAMBETH & WANDSWORTH YOUTH COURTS - C6649
LANCASTER,C2002,2002,LANCASTER - C2002
LANGBAURGH EAST,C1248,1248,LANGBAURGH EAST - C1248
LEEDS,C2988,2988,LEEDS - C2988
LEEDS,C6988,6988,LEEDS - C6988
LEEDS DISTRICT,C2992,2992,LEEDS DISTRICT - C2992
LEEK,C2784,2784,LEEK - C2784
LEEK,C2796A,2796A,LEEK - C2796A
LEICESTER,C2048A,2048A,LEICESTER - C2048A
LEIGH,C1743,1743,LEIGH - C1743
LEIGHTON BUZZARD,C1054,1054,LEIGHTON BUZZARD - C1054
LEOMINSTER (HEREFORDSHIRE),C1841B,1841B,LEOMINSTER (HEREFORDSHIRE) - C1841B
LEWES,C1603,1603,LEWES - C1603
LEWES (LEWES & CROWBOROUGH),C1607B,1607B,LEWES (LEWES & CROWBOROUGH) - C1607B
LEYBURN,C2545B,2545B,LEYBURN - C2545B
LICHFIELD,C2785,2785,LICHFIELD - C2785
LINCOLN DISTRICT,C2079,2079,LINCOLN DISTRICT - C2079
LIVERPOOL,C2267,2267,LIVERPOOL - C2267
LLANDRINDOD WELLS,C3352C,3352C,LLANDRINDOD WELLS - C3352C
LLANDUDNO,C3061A,3061A,LLANDUDNO - C3061A
LLANELLI,C3122,3122,LLANELLI - C3122
LLANGEFNI,C3232C,3232C,LLANGEFNI - C3232C
LLANGEFNI,C3238A,3238A,LLANGEFNI - C3238A
LLANGOLLEN,C3051A,3051A,LLANGOLLEN - C3051A
LLIW VALLEY,C3358,3358,LLIW VALLEY - C3358
LLIW VALLEY,C3360B,3360B,LLIW VALLEY - C3360B
LONG ASHTON,C1023A,1023A,LONG ASHTON - C1023A
LOUGHBOROUGH,C2049,2049,LOUGHBOROUGH - C2049
LOUTH,C2078B,2078B,LOUTH - C2078B
LOWESTOFT,C2863A,2863A,LOWESTOFT - C2863A
LUDLOW,C3276,3276,LUDLOW - C3276
LUTON & SOUTH BEDFORDSHIRE,C1055,1055,LUTON & SOUTH BEDFORDSHIRE - C1055
LUTTERWORTH,C2051A,2051A,LUTTERWORTH - C2051A
LWR RHYMNEY VALLEY (CAERPHILLY),C3263,3263,LWR RHYMNEY VALLEY (CAERPHILLY) - C3263
LYMINGTON,C1779B,1779B,LYMINGTON - C1779B
LYTHAM,C2001,2001,LYTHAM - C2001
MACCLESFIELD,C1178A,1178A,MACCLESFIELD - C1178A
MACHYNLLETH,C3330,3330,MACHYNLLETH - C3330
MAIDENHEAD,C1068,1068,MAIDENHEAD - C1068
MALDON & WITHAM,C1630,1630,MALDON & WITHAM - C1630
MALTON,C2546A,2546A,MALTON - C2546A
MANCHESTER,C1733,1733,MANCHESTER - C1733
MANSFIELD,C2566,2566,MANSFIELD - C2566
MARGATE (THANET),C1968A,1968A,MARGATE (THANET) - C1968A
MARKET DRAYTON,C3275A,3275A,MARKET DRAYTON - C3275A
MARKET HARBOROUGH,C2051B,2051B,MARKET HARBOROUGH - C2051B
MARKET HARBOROUGH & LUTTERWORTH,C2051,2051,MARKET HARBOROUGH & LUTTERWORTH - C2051
MARKET RASEN,C2081,2081,MARKET RASEN - C2081
MARKET STREET,C2851A,2851A,MARKET STREET - C2851A
MARKET WEIGHTON,C1905C,1905C,MARKET WEIGHTON - C1905C
MARLBOROUGH STREET,C2644,2644,MARLBOROUGH STREET - C2644
MARYLEBONE,C2646,2646,MARYLEBONE - C2646
MATLOCK,C1428C,1428C,MATLOCK - C1428C
MEDWAY(CHATHAM),C1961,1961,MEDWAY(CHATHAM) - C1961
"MELTON, BELVOIR AND RUTLAND",C2045,2045,"MELTON, BELVOIR AND RUTLAND - C2045"
MENAI BRIDGE,C3232B,3232B,MENAI BRIDGE - C3232B
MENDIP PSA,C2715,2715,MENDIP PSA - C2715
MERTHYR TYDFIL,C3264,3264,MERTHYR TYDFIL - C3264
MID HERTFORDSHIRE (ST ALBANS),C1883,1883,MID HERTFORDSHIRE (ST ALBANS) - C1883
MID KENT (MAIDSTONE),C1959,1959,MID KENT (MAIDSTONE) - C1959
MID SUSSEX PSD ,C2932,2932,MID SUSSEX PSD  - C2932
MID WARWICKSHIRE (WARWICK),C2903,2903,MID WARWICKSHIRE (WARWICK) - C2903
MID-HERTFORDSHIRE,C1890,1890,MID-HERTFORDSHIRE - C1890
MID-STAFFORDSHIRE DIVISION,C2795,2795,MID-STAFFORDSHIRE DIVISION - C2795
MIDDLETON,C1735,1735,MIDDLETON - C1735
MILDENHALL,C2821,2821,MILDENHALL - C2821
MILDENHALL (NORTH-WEST SUFFOLK),C2862A,2862A,MILDENHALL (NORTH-WEST SUFFOLK) - C2862A
MILTON KEYNES,C1124,1124,MILTON KEYNES - C1124
MISKIN,C3265,3265,MISKIN - C3265
MOLD,C3056,3056,MOLD - C3056
MONMOUTH,C3208D,3208D,MONMOUTH - C3208D
MORLEY,C2989,2989,MORLEY - C2989
NEATH,C3359A,3359A,NEATH - C3359A
NEATH PORT TALBOT PSA,C3359,3359,NEATH PORT TALBOT PSA - C3359
NEW FOREST,C1779E,1779E,NEW FOREST - C1779E
NEW FOREST (LYNDHURST),C1779,1779,NEW FOREST (LYNDHURST) - C1779
NEWARK & SOUTHWELL,C2567,2567,NEWARK & SOUTHWELL - C2567
NEWBURY (WEST BERKSHIRE),C1075,1075,NEWBURY (WEST BERKSHIRE) - C1075
NEWCASTLE AND OGMORE,C3266,3266,NEWCASTLE AND OGMORE - C3266
NEWCASTLE UNDER LYME,C2797A,2797A,NEWCASTLE UNDER LYME - C2797A
NEWCASTLE UPON LYME & PIRE HILL NORTH PSD,C2797,2797,NEWCASTLE UPON LYME & PIRE HILL NORTH PSD - C2797
NEWCASTLE UPON TYNE PSD ,C2851,2851,NEWCASTLE UPON TYNE PSD  - C2851
NEWCASTLE-UNDER-LYME,C2786,2786,NEWCASTLE-UNDER-LYME - C2786
NEWMARKET (CAMBRIDGESHIRE),C1166B,1166B,NEWMARKET (CAMBRIDGESHIRE) - C1166B
NEWMARKET (NORTH-WEST SUFFOLK),C2862B,2862B,NEWMARKET (NORTH-WEST SUFFOLK) - C2862B
NEWMARKET (SUFFOLK),C2823,2823,NEWMARKET (SUFFOLK) - C2823
NEWPORT,C3205,3205,NEWPORT - C3205
NORTH & EAST SURREY DIVISION,C2845,2845,NORTH & EAST SURREY DIVISION - C2845
NORTH AND NORTH EAST LONDON YOUTH COURTS,C6650,6650,NORTH AND NORTH EAST LONDON YOUTH COURTS - C6650
NORTH ANGLESEY,C3229,3229,NORTH ANGLESEY - C3229
NORTH AVON,C1021,1021,NORTH AVON - C1021
NORTH COTSWOLD,C1696C,1696C,NORTH COTSWOLD - C1696C
NORTH COTSWOLD,C1694,1694,NORTH COTSWOLD - C1694
NORTH DEVON PSA,C1291,1291,NORTH DEVON PSA - C1291
NORTH DORSET PSD,C1507,1507,NORTH DORSET PSD - C1507
NORTH DURHAM PSA,C1583,1583,NORTH DURHAM PSA - C1583
NORTH EAST HAMPSHIRE PSD,C1780,1780,NORTH EAST HAMPSHIRE PSD - C1780
NORTH EAST SUFFOLK,C2863,2863,NORTH EAST SUFFOLK - C2863
NORTH GLOUCESTERSHIRE PSD,C1696,1696,NORTH GLOUCESTERSHIRE PSD - C1696
NORTH HERTFORDSHIRE,C1889,1889,NORTH HERTFORDSHIRE - C1889
NORTH LINCOLNSHIRE (SCUNTHORPE),C1903A,1903A,NORTH LINCOLNSHIRE (SCUNTHORPE) - C1903A
NORTH LONSDALE,C1372,1372,NORTH LONSDALE - C1372
NORTH LONSDALE,C1398B,1398B,NORTH LONSDALE - C1398B
NORTH PEMBROKESHIRE,C3139,3139,NORTH PEMBROKESHIRE - C3139
NORTH SEFTON,C6269,6269,NORTH SEFTON - C6269
NORTH SHIELDS,C2852A,2852A,NORTH SHIELDS - C2852A
NORTH SOMERSET (WOODSPRING),C1023,1023,NORTH SOMERSET (WOODSPRING) - C1023
NORTH STAFFORDSHIRE,C2798,2798,NORTH STAFFORDSHIRE - C2798
NORTH STAFFORDSHIRE (STOKE-ON-TRENT),C2791,2791,NORTH STAFFORDSHIRE (STOKE-ON-TRENT) - C2791
NORTH SURREY DIVISION,C2849,2849,NORTH SURREY DIVISION - C2849
NORTH TYNESIDE PSD,C2852,2852,NORTH TYNESIDE PSD - C2852
NORTH WALSHAM,C1444A,1444A,NORTH WALSHAM - C1444A
NORTH WEST GWENT,C3209,3209,NORTH WEST GWENT - C3209
NORTH WEST HAMPSHIRE PSD,C1781,1781,NORTH WEST HAMPSHIRE PSD - C1781
NORTH WEST SUFFOLK PSD,C2862,2862,NORTH WEST SUFFOLK PSD - C2862
NORTH WEST SURREY DIVISION,C2846,2846,NORTH WEST SURREY DIVISION - C2846
NORTH WEST WILTSHIRE PSA,C3026,3026,NORTH WEST WILTSHIRE PSA - C3026
NORTH WITCHFORD,C1167A,1167A,NORTH WITCHFORD - C1167A
NORTHALLERTON,C2543C,2543C,NORTHALLERTON - C2543C
NORTHAMPTON,C2325,2325,NORTHAMPTON - C2325
NORTHERN OXFORDSHIRE PSA (BANBURY),C2775,2775,NORTHERN OXFORDSHIRE PSA (BANBURY) - C2775
NORTHWICH,C1179A,1179A,NORTHWICH - C1179A
NORWICH,C1445,1445,NORWICH - C1445
NOTTINGHAM,C2568,2568,NOTTINGHAM - C2568
NUNEATON,C2896,2896,NUNEATON - C2896
OKEHAMPTON,C1495A,1495A,OKEHAMPTON - C1495A
OLDHAM,C1734,1734,OLDHAM - C1734
ORMSKIRK,C2003,2003,ORMSKIRK - C2003
OSWESTRY,C3277,3277,OSWESTRY - C3277
OTLEY,C2990B,2990B,OTLEY - C2990B
OXFORD CENTRAL,C2777A,2777A,OXFORD CENTRAL - C2777A
OXFORD PSD,C2777,2777,OXFORD PSD - C2777
PENRITH (EDEN PSA),C1384A,1384A,PENRITH (EDEN PSA) - C1384A
PENWITH (PENZANCE),C1272,1272,PENWITH (PENZANCE) - C1272
PETERBOROUGH,C1162,1162,PETERBOROUGH - C1162
PETERSFIELD,C1780B,1780B,PETERSFIELD - C1780B
PICKERING,C2546B,2546B,PICKERING - C2546B
PIREHILL NORTH,C2797B,2797B,PIREHILL NORTH - C2797B
PLYMOUTH,C1484,1484,PLYMOUTH - C1484
PLYMOUTH DISTRICT PSA,C1290,1290,PLYMOUTH DISTRICT PSA - C1290
POCKLINGTON,C1905B,1905B,POCKLINGTON - C1905B
PONTEFRACT,C2994A,2994A,PONTEFRACT - C2994A
PONTEFRACT PSD,C2994,2994,PONTEFRACT PSD - C2994
PONTYPOOL,C3208E,3208E,PONTYPOOL - C3208E
POOLE,C1505,1505,POOLE - C1505
PORT TALBOT,C3359B,3359B,PORT TALBOT - C3359B
PORTSMOUTH (SOUTH EAST HAMPSHIRE),C1782,1782,PORTSMOUTH (SOUTH EAST HAMPSHIRE) - C1782
PRESTATYN,C3061B,3061B,PRESTATYN - C3061B
PRESTON,C2005,2005,PRESTON - C2005
PUDSEY,C2990A,2990A,PUDSEY - C2990A
PWLLHELI,C3231,3231,PWLLHELI - C3231
PYDAR (NEWQUAY),C1274,1274,PYDAR (NEWQUAY) - C1274
RADNORSHIRE & NORTH BRECKNOCK,C3351,3351,RADNORSHIRE & NORTH BRECKNOCK - C3351
RAMSGATE (THANET),C1968B,1968B,RAMSGATE (THANET) - C1968B
READING (READING AND SONNING),C1076,1076,READING (READING AND SONNING) - C1076
REDBRIDGE,C2815,2815,REDBRIDGE - C2815
REDBRIDGE YOUTH,C6815,6815,REDBRIDGE YOUTH - C6815
REDDITCH,C1840B,1840B,REDDITCH - C1840B
REEDLEY(BURNLEY & PENDLE),C2011B,2011B,REEDLEY(BURNLEY & PENDLE) - C2011B
REIGATE,C2847A,2847A,REIGATE - C2847A
RHUDDLAN (PRESTATYN),C3057,3057,RHUDDLAN (PRESTATYN) - C3057
"RIBBLE VALLEY (BLACKBURN, DARWEN & RIBBLE VALLEY)",C2012C,2012C,"RIBBLE VALLEY (BLACKBURN, DARWEN & RIBBLE VALLEY) - C2012C"
RICHMOND (NORTH YORKSHIRE),C2545A,2545A,RICHMOND (NORTH YORKSHIRE) - C2545A
RICHMOND (SURREY),C2768,2768,RICHMOND (SURREY) - C2768
RINGWOOD,C1779C,1779C,RINGWOOD - C1779C
RIPON LIBERTY,C2534,2534,RIPON LIBERTY - C2534
ROCHDALE,C1736,1736,ROCHDALE - C1736
ROCHFORD & SOUTHEND-ON-SEA,C5629,5629,ROCHFORD & SOUTHEND-ON-SEA - C5629
ROSSENDALE,C2006,2006,ROSSENDALE - C2006
ROTHERHAM,C2772,2772,ROTHERHAM - C2772
RUGBY DIVISION,C2897,2897,RUGBY DIVISION - C2897
RUGELEY,C2788,2788,RUGELEY - C2788
RUNCORN,C1177A,1177A,RUNCORN - C1177A
RUTLAND,C2046,2046,RUTLAND - C2046
RYE,C1595B,1595B,RYE - C1595B
SAFFRON WALDON,C1623,1623,SAFFRON WALDON - C1623
SALFORD,C1738,1738,SALFORD - C1738
SALFORD (CITY OF SALFORD),C1747B,1747B,SALFORD (CITY OF SALFORD) - C1747B
SALISBURY,C3023,3023,SALISBURY - C3023
SAXMUNDHAM,C2863C,2863C,SAXMUNDHAM - C2863C
SAXMUNDHAM,C6831,6831,SAXMUNDHAM - C6831
SCARBOROUGH,C2536,2536,SCARBOROUGH - C2536
SEDGEFIELD (NEWTON AYCLIFFE),C1581,1581,SEDGEFIELD (NEWTON AYCLIFFE) - C1581
SEDGEMOOR,C2706,2706,SEDGEMOOR - C2706
SEISDON,C2789,2789,SEISDON - C2789
SELBY,C2537,2537,SELBY - C2537
SETTLE,C2538C,2538C,SETTLE - C2538C
SEVENOAKS (WEST KENT),C1963A,1963A,SEVENOAKS (WEST KENT) - C1963A
SEVERNMINSTER (KIDDERMINSTER),C1842A,1842A,SEVERNMINSTER (KIDDERMINSTER) - C1842A
SHAFTESBURY,C1513,1513,SHAFTESBURY - C1513
SHEFFIELD,C2773,2773,SHEFFIELD - C2773
SHERBORNE (WEST DORSET),C1516C,1516C,SHERBORNE (WEST DORSET) - C1516C
SHERBOURNE,C1507A,1507A,SHERBOURNE - C1507A
SHREWSBURY,C3279,3279,SHREWSBURY - C3279
SKEGNESS,C2082,2082,SKEGNESS - C2082
SKIPTON,C2538A,2538A,SKIPTON - C2538A
SKIPTON PSD,C2538,2538,SKIPTON PSD - C2538
SKYRACK & WETHERBY,C2991,2991,SKYRACK & WETHERBY - C2991
SLEAFORD,C2080,2080,SLEAFORD - C2080
SOLIHULL,C2916,2916,SOLIHULL - C2916
SOUTH AND MIDDLE HOLDERNESS (WITHERNSEA),C1902A,1902A,SOUTH AND MIDDLE HOLDERNESS (WITHERNSEA) - C1902A
SOUTH ANGLESEY PSD,C3232,3232,SOUTH ANGLESEY PSD - C3232
SOUTH CHESHIRE,C1187,1187,SOUTH CHESHIRE - C1187
SOUTH DEVON PSA,C1293,1293,SOUTH DEVON PSA - C1293
SOUTH DURHAM PSA,C1584,1584,SOUTH DURHAM PSA - C1584
SOUTH EAST CORNWALL,C1280,1280,SOUTH EAST CORNWALL - C1280
SOUTH EAST NORTHUMBERLAND,C2349,2349,SOUTH EAST NORTHUMBERLAND - C2349
SOUTH EAST STAFFORDSHIRE (LICHFIELD & TAMWORTH),C2860,2860,SOUTH EAST STAFFORDSHIRE (LICHFIELD & TAMWORTH) - C2860
SOUTH EAST SUFFOLK,C2866,2866,SOUTH EAST SUFFOLK - C2866
SOUTH EAST SURREY,C2856,2856,SOUTH EAST SURREY - C2856
SOUTH EAST SURREY (REDHILL),C2856A,2856A,SOUTH EAST SURREY (REDHILL) - C2856A
SOUTH EAST SURREY DIVISION,C2847,2847,SOUTH EAST SURREY DIVISION - C2847
SOUTH EAST WILTSHIRE PSA,C3027,3027,SOUTH EAST WILTSHIRE PSA - C3027
SOUTH GLOUCESTERSHIRE,C1693,1693,SOUTH GLOUCESTERSHIRE - C1693
SOUTH HAMS (TOTNES),C1496C,1496C,SOUTH HAMS (TOTNES) - C1496C
SOUTH HEREFORDSHIRE,C1841C,1841C,SOUTH HEREFORDSHIRE - C1841C
SOUTH LAKELAND PSA (KENDAL/SOUTH CUMBRIA),C1323,1323,SOUTH LAKELAND PSA (KENDAL/SOUTH CUMBRIA) - C1323
SOUTH LAKES,C1381,1381,SOUTH LAKES - C1381
SOUTH MOLTON,C1494B,1494B,SOUTH MOLTON - C1494B
SOUTH NORFOLK PSD,C1446,1446,SOUTH NORFOLK PSD - C1446
SOUTH OXON (ABINGDON/DIDCOT/WANTAGE),C2774,2774,SOUTH OXON (ABINGDON/DIDCOT/WANTAGE) - C2774
SOUTH PEMBROKESHIRE,C3142,3142,SOUTH PEMBROKESHIRE - C3142
SOUTH RIBBLE (LEYLAND),C2007,2007,SOUTH RIBBLE (LEYLAND) - C2007
SOUTH SEFTON (BOOTLE),C2270,2270,SOUTH SEFTON (BOOTLE) - C2270
SOUTH SHIELDS,C2853A,2853A,SOUTH SHIELDS - C2853A
SOUTH SOMERSET,C2714,2714,SOUTH SOMERSET - C2714
SOUTH THAMESIDE,C1748B,1748B,SOUTH THAMESIDE - C1748B
SOUTH TYNESIDE PSD,C2853,2853,SOUTH TYNESIDE PSD - C2853
SOUTH WARWICKSHIRE (STRATFORD),C2902,2902,SOUTH WARWICKSHIRE (STRATFORD) - C2902
SOUTH WEST SURREY DIVISION,C2848,2848,SOUTH WEST SURREY DIVISION - C2848
SOUTH WESTERN,C2649,2649,SOUTH WESTERN - C2649
SOUTHAMPTON,C1775A,1775A,SOUTHAMPTON - C1775A
SOUTHAMPTON,C1775,1775,SOUTHAMPTON - C1775
SOUTHEND ON SEA (SOUTH-EAST ESSEX),C1629,1629,SOUTHEND ON SEA (SOUTH-EAST ESSEX) - C1629
SOUTHERN DERBYSHIRE PSA,C1431,1431,SOUTHERN DERBYSHIRE PSA - C1431
SOUTHPORT AND CROSBY,C2269A,2269A,SOUTHPORT AND CROSBY - C2269A
SOUTHWARK,C6693,6693,SOUTHWARK - C6693
SOUTHWARK YOUTH,C6013B,6013B,SOUTHWARK YOUTH - C6013B
SPROATLEY,C1902B,1902B,SPROATLEY - C1902B
ST HELENS,C2268,2268,ST HELENS - C2268
ST.EDMUNDSBURY,C2832,2832,ST.EDMUNDSBURY - C2832
ST.EDMUNDSBURY & STOWMARKET,C2865,2865,ST.EDMUNDSBURY & STOWMARKET - C2865
STAFF. MOORLANDS DIVISION PSD,C2796,2796,STAFF. MOORLANDS DIVISION PSD - C2796
STAFFORD,C2790,2790,STAFFORD - C2790
STAFFORD,C2795A,2795A,STAFFORD - C2795A
STAINES & SUNBURY,C2845B,2845B,STAINES & SUNBURY - C2845B
STEYNING,C2934,2934,STEYNING - C2934
STOCKPORT,C1739,1739,STOCKPORT - C1739
STOCKTON HEATH,C1180B,1180B,STOCKTON HEATH - C1180B
STOKESLEY,C2543D,2543D,STOKESLEY - C2543D
STOURBRIDGE,C2913,2913,STOURBRIDGE - C2913
STOURBRIDGE & HALESOWEN,C2912,2912,STOURBRIDGE & HALESOWEN - C2912
STOWMARKET,C2833,2833,STOWMARKET - C2833
STRATFORD,C2721,2721,STRATFORD - C2721
STRATFORD YOUTH,C2722,2722,STRATFORD YOUTH - C2722
SUDBURY,C2828,2828,SUDBURY - C2828
SUNDERLAND,C2855,2855,SUNDERLAND - C2855
SUSSEX (CENTRAL) PSA (BRIGHTON),C2950,2950,SUSSEX (CENTRAL) PSA (BRIGHTON) - C2950
SUSSEX (EASTERN) PSA (EASTBOURNE),C2948,2948,SUSSEX (EASTERN) PSA (EASTBOURNE) - C2948
SUSSEX (NORTH) (CRAWLEY/HORSHAM/MID-SUSSEX),C2947,2947,SUSSEX (NORTH) (CRAWLEY/HORSHAM/MID-SUSSEX) - C2947
SUSSEX (WESTERN) (WORTHING),C2949,2949,SUSSEX (WESTERN) (WORTHING) - C2949
SUTTON,C2733,2733,SUTTON - C2733
SUTTON COLDFIELD,C2909,2909,SUTTON COLDFIELD - C2909
SWADLINCOTE,C1427B,1427B,SWADLINCOTE - C1427B
SWAFFHAM & DEREHAM,C1442A,1442A,SWAFFHAM & DEREHAM - C1442A
SWANSEA,C3360A,3360A,SWANSEA - C3360A
SWANSEA PSD,C3360,3360,SWANSEA PSD - C3360
SWINDON,C3015,3015,SWINDON - C3015
TAMESIDE PSD,C1748,1748,TAMESIDE PSD - C1748
TAMWORTH,C2793,2793,TAMWORTH - C2793
TAUNTON & WEST SOMERSET,C2709,2709,TAUNTON & WEST SOMERSET - C2709
TAVISTOCK,C1495B,1495B,TAVISTOCK - C1495B
TEESSIDE,C1249,1249,TEESSIDE - C1249
TEIGNBRIDGE (NEWTON ABBOT),C1488,1488,TEIGNBRIDGE (NEWTON ABBOT) - C1488
TELFORD,C3282,3282,TELFORD - C3282
TENBY MAGISTRATES COURT,C3142B,3142B,TENBY MAGISTRATES COURT - C3142B
TENDRING,C1625,1625,TENDRING - C1625
TEWKESBURY (NORTH GLOUCESTERSHIRE),C1696B,1696B,TEWKESBURY (NORTH GLOUCESTERSHIRE) - C1696B
THAME (THAME & HENLEY),C2778A,2778A,THAME (THAME & HENLEY) - C2778A
THAME & HENLEY PSD,C2778,2778,THAME & HENLEY PSD - C2778
THAMES,C2650,2650,THAMES - C2650
THANET PSD,C1968,1968,THANET PSD - C1968
THETFORD,C1442B,1442B,THETFORD - C1442B
THIRSK,C2543A,2543A,THIRSK - C2543A
THORNE,C2771B,2771B,THORNE - C2771B
TIVERTON,C1489,1489,TIVERTON - C1489
TONBRIDGE,C1965B,1965B,TONBRIDGE - C1965B
TORBAY (TORQUAY),C1490,1490,TORBAY (TORQUAY) - C1490
TOSELAND,C1168B,1168B,TOSELAND - C1168B
TOTTENHAM (ENFIELD),C2757,2757,TOTTENHAM (ENFIELD) - C2757
TOWCESTER,C2327,2327,TOWCESTER - C2327
TOWER BRIDGE,C2651,2651,TOWER BRIDGE - C2651
TRAFFORD (SALE),C1742,1742,TRAFFORD (SALE) - C1742
TREDEGAR,C3201A,3201A,TREDEGAR - C3201A
TROWBRIDGE,C3024,3024,TROWBRIDGE - C3024
TRURO & SOUTH POWDER,C1282,1282,TRURO & SOUTH POWDER - C1282
TUNBRIDGE WELLS,C1966A,1966A,TUNBRIDGE WELLS - C1966A
TYNEDALE,C2346,2346,TYNEDALE - C2346
UPPER RHYMNEY VALLEY,C3267,3267,UPPER RHYMNEY VALLEY - C3267
USK,C3208F,3208F,USK - C3208F
UTTOXETER,C2795D,2795D,UTTOXETER - C2795D
VALE OF GLAMORGAN,C3349,3349,VALE OF GLAMORGAN - C3349
WAKEFIELD,C2995,2995,WAKEFIELD - C2995
WALSALL,C2918,2918,WALSALL - C2918
WALSALL & ALDRIDGE,C2917,2917,WALSALL & ALDRIDGE - C2917
WALTHAM FOREST,C2813,2813,WALTHAM FOREST - C2813
WALTON STREET,C2657,2657,WALTON STREET - C2657
"WANTAGE (ABINGDON, DIDCOT AND WANTAGE)",C2774C,2774C,"WANTAGE (ABINGDON, DIDCOT AND WANTAGE) - C2774C"
WAREHAM,C1509,1509,WAREHAM - C1509
WAREHAM (DORSET),C1515C,1515C,WAREHAM (DORSET) - C1515C
WARLEY,C2914,2914,WARLEY - C2914
WARRINGTON (ARPLEY ST),C1180C,1180C,WARRINGTON (ARPLEY ST) - C1180C
WARRINGTON (WINMARLEIGH ST),C1180A,1180A,WARRINGTON (WINMARLEIGH ST) - C1180A
WARWICKSHIRE PSA (NUNEATON/RUGBY),C2904,2904,WARWICKSHIRE PSA (NUNEATON/RUGBY) - C2904
WASHINGTON,C2854B,2854B,WASHINGTON - C2854B
WATFORD,C1886,1886,WATFORD - C1886
WELLINGBOROUGH,C2328,2328,WELLINGBOROUGH - C2328
WELLS,C2715B,2715B,WELLS - C2715B
WELSHPOOL,C3346,3346,WELSHPOOL - C3346
WELSHPOOL,C3352B,3352B,WELSHPOOL - C3352B
WEST ALLERDALE (WORKINGTON),C1379,1379,WEST ALLERDALE (WORKINGTON) - C1379
WEST ALLERDALE & KESWICK,C1325,1325,WEST ALLERDALE & KESWICK - C1325
WEST BROMWICH,C2915,2915,WEST BROMWICH - C2915
WEST CORNWALL PSA,C1288,1288,WEST CORNWALL PSA - C1288
WEST DORSET PSA,C1523,1523,WEST DORSET PSA - C1523
WEST HERFORDSHIRE (WATFORD/DACORUM),C1893,1893,WEST HERFORDSHIRE (WATFORD/DACORUM) - C1893
WEST KENT,C1963,1963,WEST KENT - C1963
WEST LONDON,C2658,2658,WEST LONDON - C2658
WEST LONDON YOUTH COURT,C6658,6658,WEST LONDON YOUTH COURT - C6658
WEST MALLING,C1965A,1965A,WEST MALLING - C1965A
WEST NORFOLK PSD,C1447,1447,WEST NORFOLK PSD - C1447
WEST SOMERSET (MINEHEAD),C2711,2711,WEST SOMERSET (MINEHEAD) - C2711
WEST SUFFOLK,C2867,2867,WEST SUFFOLK - C2867
WESTON-SUPER-MARE,C1023B,1023B,WESTON-SUPER-MARE - C1023B
WEYMOUTH & PORTLAND,C1510,1510,WEYMOUTH & PORTLAND - C1510
WHITBY STRAND,C2540,2540,WHITBY STRAND - C2540
WHITCHURCH,C3275B,3275B,WHITCHURCH - C3275B
WHITEHAVEN,C1375,1375,WHITEHAVEN - C1375
WHITLEY BAY,C2852C,2852C,WHITLEY BAY - C2852C
WIDNES,C1177B,1177B,WIDNES - C1177B
WIGAN,C1746,1746,WIGAN - C1746
WIGAN AND LEIGH,C1749,1749,WIGAN AND LEIGH - C1749
WIGTON,C1376,1376,WIGTON - C1376
WIMBLEDON,C2763,2763,WIMBLEDON - C2763
WIMBORNE,C1511,1511,WIMBORNE - C1511
WIMBORNE (CENTRAL DORSET),C1515D,1515D,WIMBORNE (CENTRAL DORSET) - C1515D
WINCHESTER,C1781C,1781C,WINCHESTER - C1781C
WINDSOR,C1074,1074,WINDSOR - C1074
WIRRAL,C2271,2271,WIRRAL - C2271
WIRRAL JUVENILE,C6271,6271,WIRRAL JUVENILE - C6271
WISBECH,C1167B,1167B,WISBECH - C1167B
WITNEY,C2779,2779,WITNEY - C2779
WOKING,C2846B,2846B,WOKING - C2846B
WOLVERTHAMPTON,C2919,2919,WOLVERTHAMPTON - C2919
WOODSTOCK,C2701,2701,WOODSTOCK - C2701
WOOLWICH,C2653,2653,WOOLWICH - C2653
WORCESTER (SOUTH WORCESTERSHIRE),C1843D,1843D,WORCESTER (SOUTH WORCESTERSHIRE) - C1843D
WORCESTER (SOUTH WORCESTERSHIRE),C1843C,1843C,WORCESTER (SOUTH WORCESTERSHIRE) - C1843C
WORKSOP,C2560,2560,WORKSOP - C2560
WORKSOP & RETFORD PSA,C2569,2569,WORKSOP & RETFORD PSA - C2569
WORTHING,C2935,2935,WORTHING - C2935
WORTHING AND DISTRICT,C2937,2937,WORTHING AND DISTRICT - C2937
WREXHAM MAELOR,C3058,3058,WREXHAM MAELOR - C3058
WYCOMBE,C1130B,1130B,WYCOMBE - C1130B
YNYS MON/ANGLESEY,C3238,3238,YNYS MON/ANGLESEY - C3238
YORK,C2541,2541,YORK - C2541
YSTRADGYNLAIS,C3350B,3350B,YSTRADGYNLAIS - C3350B
YSTRADGYNLAIS,C3340,3340,YSTRADGYNLAIS - C3340
